<?xml version="1.0" encoding="UTF-8"?>
<metadata xml:lang="en"><Esri><CreaDate>20220103</CreaDate><CreaTime>18571600</CreaTime><SyncOnce>FALSE</SyncOnce><SyncDate>20140501</SyncDate><SyncTime>15103900</SyncTime><ModDate>20140501</ModDate><ModTime>15103900</ModTime><DataProperties><lineage><Process Name="FeatureClassToFeatureClass_2" ToolSource="C:\Program Files\ArcGIS\ArcToolbox\Toolboxes\Conversion Tools.tbx\FeatureClassToFeatureClass" Date="20071002" Time="091119">FeatureClassToFeatureClass C:\Teach\Geog4047\Project3\BRBlk.shp C:\Teach\Geog4047\BatonRouge\BR.mdb BRBlk # "ID ID true false false 8 Long 0 8 ,First,#,C:\Teach\Geog4047\Project3\BRBlk.shp,ID,-1,-1;FIPSSTCO FIPSSTCO true false false 5 Text 0 0 ,First,#,C:\Teach\Geog4047\Project3\BRBlk.shp,FIPSSTCO,-1,-1;TRACT2000 TRACT2000 true false false 6 Text 0 0 ,First,#,C:\Teach\Geog4047\Project3\BRBlk.shp,TRACT2000,-1,-1;BLOCK2000 BLOCK2000 true false false 4 Text 0 0 ,First,#,C:\Teach\Geog4047\Project3\BRBlk.shp,BLOCK2000,-1,-1;STFID STFID true false false 15 Text 0 0 ,First,#,C:\Teach\Geog4047\Project3\BRBlk.shp,STFID,-1,-1;OID_ OID_ true false false 9 Long 0 9 ,First,#,C:\Teach\Geog4047\Project3\BRBlk.shp,OID_,-1,-1;STATE STATE true false false 2 Text 0 0 ,First,#,C:\Teach\Geog4047\Project3\BRBlk.shp,STATE,-1,-1;COUNTY COUNTY true false false 3 Text 0 0 ,First,#,C:\Teach\Geog4047\Project3\BRBlk.shp,COUNTY,-1,-1;TRACT TRACT true false false 6 Text 0 0 ,First,#,C:\Teach\Geog4047\Project3\BRBlk.shp,TRACT,-1,-1;BLOCK BLOCK true false false 4 Text 0 0 ,First,#,C:\Teach\Geog4047\Project3\BRBlk.shp,BLOCK,-1,-1;STFID_1 STFID_1 true false false 15 Text 0 0 ,First,#,C:\Teach\Geog4047\Project3\BRBlk.shp,STFID_1,-1,-1;POP2000 POP2000 true false false 9 Long 0 9 ,First,#,C:\Teach\Geog4047\Project3\BRBlk.shp,POP2000,-1,-1;WHITE WHITE true false false 9 Long 0 9 ,First,#,C:\Teach\Geog4047\Project3\BRBlk.shp,WHITE,-1,-1;BLACK BLACK true false false 9 Long 0 9 ,First,#,C:\Teach\Geog4047\Project3\BRBlk.shp,BLACK,-1,-1;AMERI_ES AMERI_ES true false false 9 Long 0 9 ,First,#,C:\Teach\Geog4047\Project3\BRBlk.shp,AMERI_ES,-1,-1;ASIAN ASIAN true false false 9 Long 0 9 ,First,#,C:\Teach\Geog4047\Project3\BRBlk.shp,ASIAN,-1,-1;HAWN_PI HAWN_PI true false false 9 Long 0 9 ,First,#,C:\Teach\Geog4047\Project3\BRBlk.shp,HAWN_PI,-1,-1;OTHER OTHER true false false 9 Long 0 9 ,First,#,C:\Teach\Geog4047\Project3\BRBlk.shp,OTHER,-1,-1;MULT_RACE MULT_RACE true false false 9 Long 0 9 ,First,#,C:\Teach\Geog4047\Project3\BRBlk.shp,MULT_RACE,-1,-1;HISPANIC HISPANIC true false false 9 Long 0 9 ,First,#,C:\Teach\Geog4047\Project3\BRBlk.shp,HISPANIC,-1,-1;MALES MALES true false false 9 Long 0 9 ,First,#,C:\Teach\Geog4047\Project3\BRBlk.shp,MALES,-1,-1;FEMALES FEMALES true false false 9 Long 0 9 ,First,#,C:\Teach\Geog4047\Project3\BRBlk.shp,FEMALES,-1,-1;AGE_UNDER5 AGE_UNDER5 true false false 9 Long 0 9 ,First,#,C:\Teach\Geog4047\Project3\BRBlk.shp,AGE_UNDER5,-1,-1;AGE_5_17 AGE_5_17 true false false 9 Long 0 9 ,First,#,C:\Teach\Geog4047\Project3\BRBlk.shp,AGE_5_17,-1,-1;AGE_18_21 AGE_18_21 true false false 9 Long 0 9 ,First,#,C:\Teach\Geog4047\Project3\BRBlk.shp,AGE_18_21,-1,-1;AGE_22_29 AGE_22_29 true false false 9 Long 0 9 ,First,#,C:\Teach\Geog4047\Project3\BRBlk.shp,AGE_22_29,-1,-1;AGE_30_39 AGE_30_39 true false false 9 Long 0 9 ,First,#,C:\Teach\Geog4047\Project3\BRBlk.shp,AGE_30_39,-1,-1;AGE_40_49 AGE_40_49 true false false 9 Long 0 9 ,First,#,C:\Teach\Geog4047\Project3\BRBlk.shp,AGE_40_49,-1,-1;AGE_50_64 AGE_50_64 true false false 9 Long 0 9 ,First,#,C:\Teach\Geog4047\Project3\BRBlk.shp,AGE_50_64,-1,-1;AGE_65_UP AGE_65_UP true false false 9 Long 0 9 ,First,#,C:\Teach\Geog4047\Project3\BRBlk.shp,AGE_65_UP,-1,-1;MED_AGE MED_AGE true false false 10 Double 1 9 ,First,#,C:\Teach\Geog4047\Project3\BRBlk.shp,MED_AGE,-1,-1;MED_AGE_M MED_AGE_M true false false 10 Double 1 9 ,First,#,C:\Teach\Geog4047\Project3\BRBlk.shp,MED_AGE_M,-1,-1;MED_AGE_F MED_AGE_F true false false 10 Double 1 9 ,First,#,C:\Teach\Geog4047\Project3\BRBlk.shp,MED_AGE_F,-1,-1;HOUSEHOLDS HOUSEHOLDS true false false 9 Long 0 9 ,First,#,C:\Teach\Geog4047\Project3\BRBlk.shp,HOUSEHOLDS,-1,-1;AVE_HH_SZ AVE_HH_SZ true false false 11 Double 2 10 ,First,#,C:\Teach\Geog4047\Project3\BRBlk.shp,AVE_HH_SZ,-1,-1;HSEHLD_1_M HSEHLD_1_M true false false 9 Long 0 9 ,First,#,C:\Teach\Geog4047\Project3\BRBlk.shp,HSEHLD_1_M,-1,-1;HSEHLD_1_F HSEHLD_1_F true false false 9 Long 0 9 ,First,#,C:\Teach\Geog4047\Project3\BRBlk.shp,HSEHLD_1_F,-1,-1;MARHH_CHD MARHH_CHD true false false 9 Long 0 9 ,First,#,C:\Teach\Geog4047\Project3\BRBlk.shp,MARHH_CHD,-1,-1;MARHH_NO_C MARHH_NO_C true false false 9 Long 0 9 ,First,#,C:\Teach\Geog4047\Project3\BRBlk.shp,MARHH_NO_C,-1,-1;MHH_CHILD MHH_CHILD true false false 9 Long 0 9 ,First,#,C:\Teach\Geog4047\Project3\BRBlk.shp,MHH_CHILD,-1,-1;FHH_CHILD FHH_CHILD true false false 9 Long 0 9 ,First,#,C:\Teach\Geog4047\Project3\BRBlk.shp,FHH_CHILD,-1,-1;FAMILIES FAMILIES true false false 9 Long 0 9 ,First,#,C:\Teach\Geog4047\Project3\BRBlk.shp,FAMILIES,-1,-1;AVE_FAM_SZ AVE_FAM_SZ true false false 11 Double 2 10 ,First,#,C:\Teach\Geog4047\Project3\BRBlk.shp,AVE_FAM_SZ,-1,-1;HSE_UNITS HSE_UNITS true false false 9 Long 0 9 ,First,#,C:\Teach\Geog4047\Project3\BRBlk.shp,HSE_UNITS,-1,-1;URBAN URBAN true false false 9 Long 0 9 ,First,#,C:\Teach\Geog4047\Project3\BRBlk.shp,URBAN,-1,-1;RURAL RURAL true false false 9 Long 0 9 ,First,#,C:\Teach\Geog4047\Project3\BRBlk.shp,RURAL,-1,-1;VACANT VACANT true false false 9 Long 0 9 ,First,#,C:\Teach\Geog4047\Project3\BRBlk.shp,VACANT,-1,-1;OWNER_OCC OWNER_OCC true false false 9 Long 0 9 ,First,#,C:\Teach\Geog4047\Project3\BRBlk.shp,OWNER_OCC,-1,-1;RENTER_OCC RENTER_OCC true false false 9 Long 0 9 ,First,#,C:\Teach\Geog4047\Project3\BRBlk.shp,RENTER_OCC,-1,-1" # C:\Teach\Geog4047\BatonRouge\BR.mdb\BRBlk</Process><Process Name="FeatureToPoint_1" ToolSource="C:\Program Files\ArcGIS\ArcToolbox\Toolboxes\Data Management Tools.tbx\FeatureToPoint" Date="20081031" Time="134606">FeatureToPoint Export_Output C:\Teach\Geog4073\Indept_Proj\Export_Output_FeatureToPoint.shp INSIDE</Process><Process ToolSource="c:\program files (x86)\arcgis\desktop10.2\ArcToolbox\Toolboxes\Data Management Tools.tbx\CopyFeatures" Date="20140501" Time="151039">CopyFeatures "C:\Users\yhu26\Documents\Yujie Hu\Research\DrWang_book\QuantGIS_V2\DataFiles\BatonRouge\BR.mdb\BRCenter" "C:\Users\yhu26\Documents\Yujie Hu\Research\DrWang_book\QuantGIS_V2\DataFiles\BatonRouge\BR.gdb\BRCenter" # 0 0 0</Process></lineage><itemProps><itemLocation><linkage Sync="TRUE">file://\\GEOG-FWANG02\C$\Users\yhu26\Documents\Yujie Hu\Research\DrWang_book\QuantGIS_V2\DataFiles\BatonRouge\BR.gdb</linkage><protocol Sync="TRUE">Local Area Network</protocol></itemLocation><itemName Sync="TRUE">BRCenter</itemName><imsContentType Sync="TRUE">002</imsContentType></itemProps><copyHistory><copy source="C:\QuantGIS_V2\BatonRouge\BRCenter" dest="\\GEOG-FWANG01\C$\QuantGIS_V2\DataFiles\BatonRouge\BRCenter" date="20130509" time="11311900"></copy></copyHistory><coordRef><type Sync="TRUE">Projected</type><geogcsn Sync="TRUE">GCS_North_American_1983</geogcsn><csUnits Sync="TRUE">Linear Unit: Meter (1.000000)</csUnits><projcsn Sync="TRUE">NAD_1983_UTM_Zone_15N</projcsn><peXml Sync="TRUE">&lt;ProjectedCoordinateSystem xsi:type='typens:ProjectedCoordinateSystem' xmlns:xsi='http://www.w3.org/2001/XMLSchema-instance' xmlns:xs='http://www.w3.org/2001/XMLSchema' xmlns:typens='http://www.esri.com/schemas/ArcGIS/10.1'&gt;&lt;WKT&gt;PROJCS[&amp;quot;NAD_1983_UTM_Zone_15N&amp;quot;,GEOGCS[&amp;quot;GCS_North_American_1983&amp;quot;,DATUM[&amp;quot;D_North_American_1983&amp;quot;,SPHEROID[&amp;quot;GRS_1980&amp;quot;,6378137.0,298.257222101]],PRIMEM[&amp;quot;Greenwich&amp;quot;,0.0],UNIT[&amp;quot;Degree&amp;quot;,0.0174532925199433]],PROJECTION[&amp;quot;Transverse_Mercator&amp;quot;],PARAMETER[&amp;quot;False_Easting&amp;quot;,500000.0],PARAMETER[&amp;quot;False_Northing&amp;quot;,0.0],PARAMETER[&amp;quot;Central_Meridian&amp;quot;,-93.0],PARAMETER[&amp;quot;Scale_Factor&amp;quot;,0.9996],PARAMETER[&amp;quot;Latitude_Of_Origin&amp;quot;,0.0],UNIT[&amp;quot;Meter&amp;quot;,1.0],AUTHORITY[&amp;quot;EPSG&amp;quot;,26915]]&lt;/WKT&gt;&lt;XOrigin&gt;-5120900&lt;/XOrigin&gt;&lt;YOrigin&gt;-9998100&lt;/YOrigin&gt;&lt;XYScale&gt;10000&lt;/XYScale&gt;&lt;ZOrigin&gt;-100000&lt;/ZOrigin&gt;&lt;ZScale&gt;10000&lt;/ZScale&gt;&lt;MOrigin&gt;-100000&lt;/MOrigin&gt;&lt;MScale&gt;10000&lt;/MScale&gt;&lt;XYTolerance&gt;0.001&lt;/XYTolerance&gt;&lt;ZTolerance&gt;0.001&lt;/ZTolerance&gt;&lt;MTolerance&gt;0.001&lt;/MTolerance&gt;&lt;HighPrecision&gt;true&lt;/HighPrecision&gt;&lt;WKID&gt;26915&lt;/WKID&gt;&lt;LatestWKID&gt;26915&lt;/LatestWKID&gt;&lt;/ProjectedCoordinateSystem&gt;</peXml></coordRef></DataProperties><ArcGISFormat>1.0</ArcGISFormat></Esri><idinfo><native Sync="TRUE"> Version 6.0 (Build 6001) Service Pack 1; ESRI ArcCatalog 9.2.2.1350</native><descript><langdata Sync="TRUE">en</langdata><abstract>REQUIRED: A brief narrative summary of the data set.</abstract><purpose>REQUIRED: A summary of the intentions with which the data set was developed.</purpose></descript><citation><citeinfo><origin>REQUIRED: The name of an organization or individual that developed the data set.</origin><pubdate>REQUIRED: The date when the data set is published or otherwise made available for release.</pubdate><title Sync="TRUE">Export_Output_FeatureToPoint</title><ftname Sync="TRUE">Export_Output_FeatureToPoint</ftname><geoform Sync="TRUE">vector digital data</geoform><onlink Sync="TRUE">\\GEOG-FAHUIWANG\C$\Teach\Geog4073\Project_Data\Indept_Proj\BRCenter</onlink></citeinfo></citation><timeperd><current>REQUIRED: The basis on which the time period of content information is determined.</current><timeinfo><sngdate><caldate>REQUIRED: The year (and optionally month, or month and day) for which the data set corresponds to the ground.</caldate></sngdate></timeinfo></timeperd><status><progress>REQUIRED: The state of the data set.</progress><update>REQUIRED: The frequency with which changes and additions are made to the data set after the initial data set is completed.</update></status><spdom><bounding><westbc Sync="TRUE">REQUIRED: Western-most coordinate of the limit of coverage expressed in longitude.</westbc><eastbc Sync="TRUE">REQUIRED: Eastern-most coordinate of the limit of coverage expressed in longitude.</eastbc><northbc Sync="TRUE">REQUIRED: Northern-most coordinate of the limit of coverage expressed in latitude.</northbc><southbc Sync="TRUE">REQUIRED: Southern-most coordinate of the limit of coverage expressed in latitude.</southbc></bounding></spdom><keywords><theme><themekt>REQUIRED: Reference to a formally registered thesaurus or a similar authoritative source of theme keywords.</themekt><themekey>REQUIRED: Common-use word or phrase used to describe the subject of the data set.</themekey></theme></keywords><accconst>REQUIRED: Restrictions and legal prerequisites for accessing the data set.</accconst><useconst>REQUIRED: Restrictions and legal prerequisites for using the data set after access is granted.</useconst><natvform Sync="TRUE">Shapefile</natvform></idinfo><dataIdInfo><envirDesc Sync="TRUE">Microsoft Windows 7 Version 6.1 (Build 7601) Service Pack 1; Esri ArcGIS 10.2.1.3497</envirDesc><dataLang><languageCode Sync="TRUE" value="eng"></languageCode><countryCode value="USA" Sync="TRUE"></countryCode></dataLang><idCitation><resTitle Sync="TRUE">BRCenter</resTitle><presForm><PresFormCd Sync="TRUE" value="005"></PresFormCd></presForm></idCitation><spatRpType><SpatRepTypCd Sync="TRUE" value="001"></SpatRepTypCd></spatRpType></dataIdInfo><metainfo><langmeta Sync="TRUE">en</langmeta><metstdn Sync="TRUE">FGDC Content Standards for Digital Geospatial Metadata</metstdn><metstdv Sync="TRUE">FGDC-STD-001-1998</metstdv><mettc Sync="TRUE">local time</mettc><metc><cntinfo><cntorgp><cntper>REQUIRED: The person responsible for the metadata information.</cntper><cntorg>REQUIRED: The organization responsible for the metadata information.</cntorg></cntorgp><cntaddr><addrtype>REQUIRED: The mailing and/or physical address for the organization or individual.</addrtype><city>REQUIRED: The city of the address.</city><state>REQUIRED: The state or province of the address.</state><postal>REQUIRED: The ZIP or other postal code of the address.</postal></cntaddr><cntvoice>REQUIRED: The telephone number by which individuals can speak to the organization or individual.</cntvoice></cntinfo></metc><metd Sync="TRUE">20081031</metd></metainfo><mdLang><languageCode Sync="TRUE" value="eng"></languageCode><countryCode value="USA" Sync="TRUE"></countryCode></mdLang><mdStanName Sync="TRUE">ISO 19115 Geographic Information - Metadata</mdStanName><mdStanVer Sync="TRUE">DIS_ESRI1.0</mdStanVer><mdChar><CharSetCd Sync="TRUE" value="004"></CharSetCd></mdChar><mdHrLv><ScopeCd Sync="TRUE" value="005"></ScopeCd></mdHrLv><mdHrLvName Sync="TRUE">dataset</mdHrLvName><distinfo><resdesc Sync="TRUE">Downloadable Data</resdesc><stdorder><digform><digtinfo><transize Sync="TRUE">0.000</transize><dssize Sync="TRUE">0.000</dssize></digtinfo></digform></stdorder></distinfo><distInfo><distributor><distorTran><onLineSrc><orDesc Sync="TRUE">002</orDesc><linkage Sync="TRUE">file://\\GEOG-FAHUIWANG\C$\Teach\Geog4073\Project_Data\Indept_Proj\BRCenter</linkage><protocol Sync="TRUE">Local Area Network</protocol></onLineSrc><transSize Sync="TRUE">0.000</transSize></distorTran><distorFormat><formatName Sync="TRUE">Shapefile</formatName></distorFormat></distributor><distFormat><formatName Sync="TRUE">File Geodatabase Feature Class</formatName></distFormat></distInfo><spdoinfo><direct Sync="TRUE">Vector</direct><ptvctinf><esriterm Name="BRCenter"><efeatyp Sync="TRUE">Simple</efeatyp><efeageom code="1" Sync="TRUE"></efeageom><esritopo Sync="TRUE">FALSE</esritopo><efeacnt Sync="TRUE">0</efeacnt><spindex Sync="TRUE">TRUE</spindex><linrefer Sync="TRUE">FALSE</linrefer></esriterm></ptvctinf></spdoinfo><spref><horizsys><cordsysn><geogcsn Sync="TRUE">GCS_North_American_1983</geogcsn><projcsn Sync="TRUE">NAD_1983_UTM_Zone_15N</projcsn></cordsysn><planar><planci><plance Sync="TRUE">coordinate pair</plance><plandu Sync="TRUE">meters</plandu><coordrep><absres Sync="TRUE">0.000000</absres><ordres Sync="TRUE">0.000000</ordres></coordrep></planci></planar><geodetic><horizdn Sync="TRUE">North American Datum of 1983</horizdn><ellips Sync="TRUE">Geodetic Reference System 80</ellips><semiaxis Sync="TRUE">6378137.000000</semiaxis><denflat Sync="TRUE">298.257222</denflat></geodetic></horizsys></spref><refSysInfo><RefSystem><refSysID><identCode Sync="TRUE" code="26915">NAD_1983_UTM_Zone_15N</identCode><idCodeSpace Sync="TRUE">EPSG</idCodeSpace><idVersion Sync="TRUE">8.2.6</idVersion></refSysID></RefSystem></refSysInfo><spatRepInfo><VectSpatRep><geometObjs Name="BRCenter"><geoObjTyp><GeoObjTypCd value="004" Sync="TRUE"></GeoObjTypCd></geoObjTyp><geoObjCnt Sync="TRUE">0</geoObjCnt></geometObjs><topLvl><TopoLevCd value="001" Sync="TRUE"></TopoLevCd></topLvl></VectSpatRep></spatRepInfo><eainfo><detailed Name="BRCenter"><enttyp><enttypl Sync="TRUE">BRCenter</enttypl><enttypt Sync="TRUE">Feature Class</enttypt><enttypc Sync="TRUE">0</enttypc></enttyp><attr><attrlabl Sync="TRUE">OBJECTID_1</attrlabl><attalias Sync="TRUE">OBJECTID_1</attalias><attrtype Sync="TRUE">OID</attrtype><attwidth Sync="TRUE">4</attwidth><atprecis Sync="TRUE">0</atprecis><attscale Sync="TRUE">0</attscale><attrdef Sync="TRUE">Internal feature number.</attrdef><attrdefs Sync="TRUE">Esri</attrdefs><attrdomv><udom Sync="TRUE">Sequential unique whole numbers that are automatically generated.</udom></attrdomv></attr><attr><attrlabl Sync="TRUE">OBJECTID</attrlabl><attalias Sync="TRUE">OBJECTID</attalias><attrtype Sync="TRUE">Integer</attrtype><attwidth Sync="TRUE">4</attwidth><atprecis Sync="TRUE">0</atprecis><attscale Sync="TRUE">0</attscale><attrdef Sync="TRUE">Internal feature number.</attrdef><attrdefs Sync="TRUE">ESRI</attrdefs><attrdomv><udom Sync="TRUE">Sequential unique whole numbers that are automatically generated.</udom></attrdomv></attr><attr><attrlabl Sync="TRUE">Shape</attrlabl><attalias Sync="TRUE">Shape</attalias><attrtype Sync="TRUE">Geometry</attrtype><attwidth Sync="TRUE">0</attwidth><attrdef Sync="TRUE">Feature geometry.</attrdef><attrdefs Sync="TRUE">ESRI</attrdefs><attrdomv><udom Sync="TRUE">Coordinates defining the features.</udom></attrdomv><atprecis Sync="TRUE">0</atprecis><attscale Sync="TRUE">0</attscale></attr><attr><attrlabl Sync="TRUE">ID</attrlabl><attalias Sync="TRUE">ID</attalias><attrtype Sync="TRUE">Integer</attrtype><attwidth Sync="TRUE">4</attwidth><atprecis Sync="TRUE">0</atprecis><attscale Sync="TRUE">0</attscale></attr></detailed></eainfo><mdDateSt Sync="TRUE">20140501</mdDateSt><dataqual><lineage><procstep><procdesc Sync="TRUE">Dataset copied.</procdesc><srcused Sync="TRUE">\\GEOG-FAHUIWANG\C$\Teach\Geog7935\Walgreens_BR\BR.mdb</srcused><date Sync="TRUE">20081030</date><time Sync="TRUE">11464100</time></procstep><procstep><procdesc Sync="TRUE">Dataset copied.</procdesc><srcused Sync="TRUE"></srcused><date Sync="TRUE">20081031</date><time Sync="TRUE">13452900</time></procstep><procstep><procdesc Sync="TRUE">Dataset copied.</procdesc><srcused Sync="TRUE">Z:\Indept_Proj\BRCenter</srcused><date Sync="TRUE">20081031</date><time Sync="TRUE">14115300</time></procstep></lineage></dataqual></metadata>
