<metadata xml:lang="en"><Esri><CreaDate>20210628</CreaDate><CreaTime>15221000</CreaTime><ArcGISFormat>1.0</ArcGISFormat><SyncOnce>FALSE</SyncOnce><DataProperties><lineage><Process ToolSource="c:\program files (x86)\arcgis\desktop10.3\ArcToolbox\Toolboxes\Data Management Tools.tbx\CalculateField" Date="20160219" Time="153842">CalculateField ZIP_NumPatient PatientsXR "[Beta_14] * [AllPatients]" VB #</Process><Process ToolSource="c:\program files (x86)\arcgis\desktop10.3\ArcToolbox\Toolboxes\Data Management Tools.tbx\CalculateField" Date="20160219" Time="154730">CalculateField ZIP_NumPatient PatientsXR "[D0_25Min] * [AllPatients]" VB #</Process><Process ToolSource="c:\program files (x86)\arcgis\desktop10.3\ArcToolbox\Toolboxes\Data Management Tools.tbx\CalculateField" Date="20161010" Time="105712">CalculateField ZIP_NumPatient Popu 0 VB #</Process><Process ToolSource="c:\program files (x86)\arcgis\desktop10.3\ArcToolbox\Toolboxes\Data Management Tools.tbx\CalculateField" Date="20161010" Time="110243">CalculateField ZIP_NumPatient Popu 0 VB #</Process><Process ToolSource="c:\program files (x86)\arcgis\desktop10.5\ArcToolbox\Toolboxes\Data Management Tools.tbx\CalculateField" Date="20170202" Time="131211">CalculateField "zip code areas" PopuDen "1000000* [Popu] / [Shape_Area]" VB #</Process><Process ToolSource="c:\program files (x86)\arcgis\desktop10.5\ArcToolbox\Toolboxes\Data Management Tools.tbx\CalculateField" Date="20170202" Time="131234">CalculateField "zip code areas" PatientDen "1000000* [AllPatients] / [Shape_Area]" VB #</Process><Process ToolSource="c:\program files\arcgis\pro\Resources\ArcToolbox\toolboxes\Analysis Tools.tbx\Near" Date="20200912" Time="123842">Near ZIP_Code_Area Hospitals # NO_LOCATION NO_ANGLE Planar</Process><Process ToolSource="c:\program files\arcgis\pro\Resources\ArcToolbox\toolboxes\Data Management Tools.tbx\DeleteField" Date="20200915" Time="183807">DeleteField ZIP_Code_Area NEAR_FID</Process><Process ToolSource="c:\program files\arcgis\pro\Resources\ArcToolbox\toolboxes\Data Management Tools.tbx\DeleteField" Date="20200915" Time="183818">DeleteField ZIP_Code_Area NEAR_DIST</Process><Process ToolSource="c:\program files\arcgis\pro\Resources\ArcToolbox\toolboxes\Analysis Tools.tbx\Near" Date="20200917" Time="131812">Near ZIP_Code_Area Hosp_ZIP # NO_LOCATION NO_ANGLE Planar</Process><Process ToolSource="c:\program files\arcgis\pro\Resources\ArcToolbox\toolboxes\Data Management Tools.tbx\DeleteField" Date="20200918" Time="080908">DeleteField ZIP_Code_Area NEAR_FID</Process><Process ToolSource="c:\program files\arcgis\pro\Resources\ArcToolbox\toolboxes\Data Management Tools.tbx\DeleteField" Date="20200918" Time="080915">DeleteField ZIP_Code_Area NEAR_DIST</Process><Process ToolSource="c:\program files\arcgis\pro\Resources\ArcToolbox\toolboxes\Data Management Tools.tbx\CalculateField" Date="20200918" Time="081507">CalculateField ZIP_Code_Area Popu 4 PYTHON3 # Text</Process><Process ToolSource="c:\program files\arcgis\pro\Resources\ArcToolbox\toolboxes\Data Management Tools.tbx\CalculateField" Date="20200918" Time="081532">CalculateField ZIP_Code_Area Popu 1 PYTHON3 # Text</Process><Process ToolSource="c:\program files\arcgis\pro\Resources\ArcToolbox\toolboxes\Data Management Tools.tbx\CalculateField" Date="20200918" Time="081548">CalculateField ZIP_Code_Area Popu 1 PYTHON3 # Text</Process><Process ToolSource="c:\program files\arcgis\pro\Resources\ArcToolbox\toolboxes\Data Management Tools.tbx\CalculateField" Date="20200918" Time="081600">CalculateField ZIP_Code_Area Popu 2 PYTHON3 # Text</Process><Process ToolSource="c:\program files\arcgis\pro\Resources\ArcToolbox\toolboxes\Data Management Tools.tbx\CalculateField" Date="20200918" Time="081802">CalculateField ZIP_Code_Area Popu 1 PYTHON3 # Text</Process><Process ToolSource="c:\program files\arcgis\pro\Resources\ArcToolbox\toolboxes\Data Management Tools.tbx\CalculateField" Date="20200918" Time="081833">CalculateField ZIP_Code_Area Popu 2 PYTHON3 # Text</Process><Process ToolSource="c:\program files\arcgis\pro\Resources\ArcToolbox\toolboxes\Data Management Tools.tbx\CalculateField" Date="20200918" Time="081855">CalculateField ZIP_Code_Area Popu 89 PYTHON3 # Text</Process><Process ToolSource="c:\program files\arcgis\pro\Resources\ArcToolbox\toolboxes\Data Management Tools.tbx\CalculateField" Date="20200918" Time="081909">CalculateField ZIP_Code_Area Popu 44 PYTHON3 # Text</Process><Process ToolSource="c:\program files\arcgis\pro\Resources\ArcToolbox\toolboxes\Data Management Tools.tbx\CopyFeatures" Date="20200918" Time="121228">CopyFeatures D:\Code\HSABook\Chapter2\ForCZ_0918.gdb\ZIP_Code_Area D:\Code\HSABook\Chapter2\FL_HSA.gdb\ZIP_Code_Area # # # #</Process><Process ToolSource="c:\program files\arcgis\pro\Resources\ArcToolbox\toolboxes\Data Management Tools.tbx\UpdateSchema" Date="20200918" Time="123636">UpdateSchema "CIMDATA=&lt;CIMStandardDataConnection xsi:type='typens:CIMStandardDataConnection' xmlns:xsi='http://www.w3.org/2001/XMLSchema-instance' xmlns:xs='http://www.w3.org/2001/XMLSchema' xmlns:typens='http://www.esri.com/schemas/ArcGIS/2.6.0'&gt;&lt;WorkspaceConnectionString&gt;DATABASE=D:\Code\HSABook\Chapter2\FL_HSA.gdb&lt;/WorkspaceConnectionString&gt;&lt;WorkspaceFactory&gt;FileGDB&lt;/WorkspaceFactory&gt;&lt;Dataset&gt;ZIP_Code_Area&lt;/Dataset&gt;&lt;DatasetType&gt;esriDTFeatureClass&lt;/DatasetType&gt;&lt;/CIMStandardDataConnection&gt;" &lt;operationSequence&gt;&lt;workflow&gt;&lt;AddField&gt;&lt;field_name&gt;Test&lt;/field_name&gt;&lt;field_type&gt;LONG&lt;/field_type&gt;&lt;field_alias&gt;Test&lt;/field_alias&gt;&lt;field_is_nullable&gt;True&lt;/field_is_nullable&gt;&lt;field_is_required&gt;False&lt;/field_is_required&gt;&lt;/AddField&gt;&lt;/workflow&gt;&lt;/operationSequence&gt;</Process><Process ToolSource="c:\program files\arcgis\pro\Resources\ArcToolbox\toolboxes\Data Management Tools.tbx\CalculateField" Date="20200918" Time="123659">CalculateField ZIP_Code_Area Test !ZCTA5CE10! "Python 3" # Text</Process><Process ToolSource="c:\program files\arcgis\pro\Resources\ArcToolbox\toolboxes\Data Management Tools.tbx\CalculateField" Date="20200918" Time="123722">CalculateField ZIP_Code_Area Test "!Test! - !ZipCode!" "Python 3" # Text</Process><Process ToolSource="c:\program files\arcgis\pro\Resources\ArcToolbox\toolboxes\Data Management Tools.tbx\DeleteField" Date="20200918" Time="123732">DeleteField ZIP_Code_Area Test</Process><Process ToolSource="c:\program files\arcgis\pro\Resources\ArcToolbox\toolboxes\Data Management Tools.tbx\UpdateSchema" Date="20200918" Time="123947">UpdateSchema "CIMDATA=&lt;CIMStandardDataConnection xsi:type='typens:CIMStandardDataConnection' xmlns:xsi='http://www.w3.org/2001/XMLSchema-instance' xmlns:xs='http://www.w3.org/2001/XMLSchema' xmlns:typens='http://www.esri.com/schemas/ArcGIS/2.6.0'&gt;&lt;WorkspaceConnectionString&gt;DATABASE=D:\Code\HSABook\Chapter2\FL_HSA.gdb&lt;/WorkspaceConnectionString&gt;&lt;WorkspaceFactory&gt;FileGDB&lt;/WorkspaceFactory&gt;&lt;Dataset&gt;ZIP_Code_Area&lt;/Dataset&gt;&lt;DatasetType&gt;esriDTFeatureClass&lt;/DatasetType&gt;&lt;/CIMStandardDataConnection&gt;" &lt;operationSequence&gt;&lt;workflow&gt;&lt;AddField&gt;&lt;field_name&gt;Pop1&lt;/field_name&gt;&lt;field_type&gt;LONG&lt;/field_type&gt;&lt;field_alias&gt;Pop1&lt;/field_alias&gt;&lt;field_is_nullable&gt;True&lt;/field_is_nullable&gt;&lt;field_is_required&gt;False&lt;/field_is_required&gt;&lt;/AddField&gt;&lt;/workflow&gt;&lt;/operationSequence&gt;</Process><Process ToolSource="c:\program files\arcgis\pro\Resources\ArcToolbox\toolboxes\Data Management Tools.tbx\CalculateField" Date="20200918" Time="123957">CalculateField ZIP_Code_Area Pop1 !Popu! "Python 3" # Text</Process><Process ToolSource="c:\program files\arcgis\pro\Resources\ArcToolbox\toolboxes\Data Management Tools.tbx\DeleteField" Date="20200918" Time="124005">DeleteField ZIP_Code_Area Popu</Process><Process ToolSource="c:\program files\arcgis\pro\Resources\ArcToolbox\toolboxes\Data Management Tools.tbx\UpdateSchema" Date="20200918" Time="124015">UpdateSchema "CIMDATA=&lt;CIMStandardDataConnection xsi:type='typens:CIMStandardDataConnection' xmlns:xsi='http://www.w3.org/2001/XMLSchema-instance' xmlns:xs='http://www.w3.org/2001/XMLSchema' xmlns:typens='http://www.esri.com/schemas/ArcGIS/2.6.0'&gt;&lt;WorkspaceConnectionString&gt;DATABASE=D:\Code\HSABook\Chapter2\FL_HSA.gdb&lt;/WorkspaceConnectionString&gt;&lt;WorkspaceFactory&gt;FileGDB&lt;/WorkspaceFactory&gt;&lt;Dataset&gt;ZIP_Code_Area&lt;/Dataset&gt;&lt;DatasetType&gt;esriDTFeatureClass&lt;/DatasetType&gt;&lt;/CIMStandardDataConnection&gt;" &lt;operationSequence&gt;&lt;workflow&gt;&lt;AddField&gt;&lt;field_name&gt;POPU&lt;/field_name&gt;&lt;field_type&gt;LONG&lt;/field_type&gt;&lt;field_alias&gt;POPU&lt;/field_alias&gt;&lt;field_is_nullable&gt;True&lt;/field_is_nullable&gt;&lt;field_is_required&gt;False&lt;/field_is_required&gt;&lt;/AddField&gt;&lt;/workflow&gt;&lt;/operationSequence&gt;</Process><Process ToolSource="c:\program files\arcgis\pro\Resources\ArcToolbox\toolboxes\Data Management Tools.tbx\CalculateField" Date="20200918" Time="124024">CalculateField ZIP_Code_Area POPU !Pop1! "Python 3" # Text</Process><Process ToolSource="c:\program files\arcgis\pro\Resources\ArcToolbox\toolboxes\Data Management Tools.tbx\DeleteField" Date="20200918" Time="124030">DeleteField ZIP_Code_Area Pop1</Process><Process ToolSource="c:\program files\arcgis\pro\Resources\ArcToolbox\toolboxes\Data Management Tools.tbx\JoinField" Date="20200918" Time="145539">JoinField ZIP_Code_Area ZoneID ZIP_Code_MeanCenter ZoneID ZoneID</Process><Process ToolSource="c:\program files\arcgis\pro\Resources\ArcToolbox\toolboxes\Data Management Tools.tbx\DeleteField" Date="20200918" Time="145738">DeleteField ZIP_Code_Area ZoneID_1</Process><Process ToolSource="c:\program files\arcgis\pro\Resources\ArcToolbox\toolboxes\Data Management Tools.tbx\JoinField" Date="20200918" Time="145810">JoinField ZIP_Code_Area ZoneID ZIP_Code_MeanCenter ZoneID XCoord;YCoord</Process><Process ToolSource="c:\program files\arcgis\pro\Resources\ArcToolbox\toolboxes\Data Management Tools.tbx\CalculateGeometryAttributes" Date="20200918" Time="150215">CalculateGeometryAttributes ZIP_Code_Area "XCoord CENTROID_X;YCoord CENTROID_Y" # # # "Same as input"</Process><Process ToolSource="c:\program files\arcgis\pro\Resources\ArcToolbox\toolboxes\Data Management Tools.tbx\CalculateGeometryAttributes" Date="20200918" Time="150441">CalculateGeometryAttributes ZIP_Code_Area "XCoord CENTROID_X;YCoord CENTROID_Y" # # GEOGCS['GCS_WGS_1984',DATUM['D_WGS_1984',SPHEROID['WGS_1984',6378137.0,298.257223563]],PRIMEM['Greenwich',0.0],UNIT['Degree',0.0174532925199433]] "Same as input"</Process><Process ToolSource="c:\program files\arcgis\pro\Resources\ArcToolbox\toolboxes\Data Management Tools.tbx\DeleteField" Date="20200918" Time="152228">DeleteField ZIP_Code_Area POPU</Process><Process ToolSource="c:\program files\arcgis\pro\Resources\ArcToolbox\toolboxes\Data Management Tools.tbx\JoinField" Date="20200918" Time="152531">JoinField ZIP_Code_Area ZoneID blockpop_ZIP ZoneID SUM_POP2010</Process><Process ToolSource="c:\program files\arcgis\pro\Resources\ArcToolbox\toolboxes\Data Management Tools.tbx\UpdateSchema" Date="20200918" Time="154336">UpdateSchema "CIMDATA=&lt;CIMStandardDataConnection xsi:type='typens:CIMStandardDataConnection' xmlns:xsi='http://www.w3.org/2001/XMLSchema-instance' xmlns:xs='http://www.w3.org/2001/XMLSchema' xmlns:typens='http://www.esri.com/schemas/ArcGIS/2.6.0'&gt;&lt;WorkspaceConnectionString&gt;DATABASE=D:\Code\HSABook\Chapter2\FL_HSA.gdb&lt;/WorkspaceConnectionString&gt;&lt;WorkspaceFactory&gt;FileGDB&lt;/WorkspaceFactory&gt;&lt;Dataset&gt;ZIP_Code_Area&lt;/Dataset&gt;&lt;DatasetType&gt;esriDTFeatureClass&lt;/DatasetType&gt;&lt;/CIMStandardDataConnection&gt;" &lt;operationSequence&gt;&lt;workflow&gt;&lt;AddField&gt;&lt;field_name&gt;POPU&lt;/field_name&gt;&lt;field_type&gt;LONG&lt;/field_type&gt;&lt;field_alias&gt;POPU&lt;/field_alias&gt;&lt;field_is_nullable&gt;True&lt;/field_is_nullable&gt;&lt;field_is_required&gt;False&lt;/field_is_required&gt;&lt;/AddField&gt;&lt;/workflow&gt;&lt;/operationSequence&gt;</Process><Process ToolSource="c:\program files\arcgis\pro\Resources\ArcToolbox\toolboxes\Data Management Tools.tbx\CalculateField" Date="20200918" Time="154540">CalculateField ZIP_Code_Area POPU !SUM_POP2010! "Python 3" # Text</Process><Process ToolSource="c:\program files\arcgis\pro\Resources\ArcToolbox\toolboxes\Data Management Tools.tbx\DeleteField" Date="20200918" Time="154633">DeleteField ZIP_Code_Area SUM_POP2010</Process><Process ToolSource="c:\program files\arcgis\pro\Resources\ArcToolbox\toolboxes\Data Management Tools.tbx\AddField" Date="20201006" Time="210625">AddField D:\Code\HSABook\Chapter2\FL_HSA.gdb\ZIP_Code_Area PariLenMI "Float (single precision)" # # # # NULLABLE NON_REQUIRED #</Process><Process ToolSource="c:\program files\arcgis\pro\Resources\ArcToolbox\toolboxes\Data Management Tools.tbx\AddField" Date="20201006" Time="210625">AddField D:\Code\HSABook\Chapter2\FL_HSA.gdb\ZIP_Code_Area AreaMI "Float (single precision)" # # # # NULLABLE NON_REQUIRED #</Process><Process ToolSource="c:\program files\arcgis\pro\Resources\ArcToolbox\toolboxes\Data Management Tools.tbx\CalculateGeometryAttributes" Date="20201006" Time="210627">CalculateGeometryAttributes D:\Code\HSABook\Chapter2\FL_HSA.gdb\ZIP_Code_Area "PariLenMI PERIMETER_LENGTH" "Miles (United States)" # # "Same as input"</Process><Process ToolSource="c:\program files\arcgis\pro\Resources\ArcToolbox\toolboxes\Data Management Tools.tbx\CalculateGeometryAttributes" Date="20201006" Time="210629">CalculateGeometryAttributes D:\Code\HSABook\Chapter2\FL_HSA.gdb\ZIP_Code_Area "AreaMI AREA" # "Square miles (United States)" # "Same as input"</Process><Process ToolSource="c:\program files\arcgis\pro\Resources\ArcToolbox\toolboxes\Data Management Tools.tbx\DeleteField" Date="20201006" Time="210756">DeleteField D:\Code\HSABook\Chapter2\FL_HSA.gdb\ZIP_Code_Area PariLenMI</Process><Process ToolSource="c:\program files\arcgis\pro\Resources\ArcToolbox\toolboxes\Data Management Tools.tbx\DeleteField" Date="20201006" Time="210756">DeleteField D:\Code\HSABook\Chapter2\FL_HSA.gdb\ZIP_Code_Area AreaMI</Process><Process ToolSource="c:\program files\arcgis\pro\Resources\ArcToolbox\toolboxes\Data Management Tools.tbx\AddField" Date="20201006" Time="210756">AddField D:\Code\HSABook\Chapter2\FL_HSA.gdb\ZIP_Code_Area PariLenMI "Float (single precision)" # # # # NULLABLE NON_REQUIRED #</Process><Process ToolSource="c:\program files\arcgis\pro\Resources\ArcToolbox\toolboxes\Data Management Tools.tbx\AddField" Date="20201006" Time="210757">AddField D:\Code\HSABook\Chapter2\FL_HSA.gdb\ZIP_Code_Area AreaMI "Float (single precision)" # # # # NULLABLE NON_REQUIRED #</Process><Process ToolSource="c:\program files\arcgis\pro\Resources\ArcToolbox\toolboxes\Data Management Tools.tbx\CalculateGeometryAttributes" Date="20201006" Time="210759">CalculateGeometryAttributes D:\Code\HSABook\Chapter2\FL_HSA.gdb\ZIP_Code_Area "PariLenMI PERIMETER_LENGTH" "Miles (United States)" # # "Same as input"</Process><Process ToolSource="c:\program files\arcgis\pro\Resources\ArcToolbox\toolboxes\Data Management Tools.tbx\CalculateGeometryAttributes" Date="20201006" Time="210801">CalculateGeometryAttributes D:\Code\HSABook\Chapter2\FL_HSA.gdb\ZIP_Code_Area "AreaMI AREA" # "Square miles (United States)" # "Same as input"</Process><Process ToolSource="c:\program files\arcgis\pro\Resources\ArcToolbox\toolboxes\Data Management Tools.tbx\AddField" Date="20201012" Time="225845">AddField D:\Code\HSABook\Chapter2\FL_HSA.gdb\ZIP_Code_Area OBJECTIDCOPY Text # # # # NULLABLE NON_REQUIRED #</Process><Process ToolSource="c:\program files\arcgis\pro\Resources\ArcToolbox\toolboxes\Data Management Tools.tbx\CalculateField" Date="20201012" Time="225846">CalculateField D:\Code\HSABook\Chapter2\FL_HSA.gdb\ZIP_Code_Area OBJECTIDCOPY !OBJECTID! "Python 3" # Text</Process><Process ToolSource="c:\program files\arcgis\pro\Resources\ArcToolbox\toolboxes\Data Management Tools.tbx\DeleteField" Date="20201012" Time="225849">DeleteField D:\Code\HSABook\Chapter2\FL_HSA.gdb\ZIP_Code_Area OBJECTIDCOPY</Process><Process ToolSource="c:\program files\arcgis\pro\Resources\ArcToolbox\toolboxes\Data Management Tools.tbx\DeleteField" Date="20201013" Time="172350">DeleteField D:\Code\HSABook\Chapter2\FL_HSA.gdb\ZIP_Code_Area AreaMI</Process><Process ToolSource="c:\program files\arcgis\pro\Resources\ArcToolbox\toolboxes\Data Management Tools.tbx\AddField" Date="20201013" Time="172411">AddField D:\Code\HSABook\Chapter2\FL_HSA.gdb\ZIP_Code_Area PeriLenMI "Float (single precision)" # # # # NULLABLE NON_REQUIRED #</Process><Process ToolSource="c:\program files\arcgis\pro\Resources\ArcToolbox\toolboxes\Data Management Tools.tbx\AddField" Date="20201013" Time="172412">AddField D:\Code\HSABook\Chapter2\FL_HSA.gdb\ZIP_Code_Area AreaMI "Float (single precision)" # # # # NULLABLE NON_REQUIRED #</Process><Process ToolSource="c:\program files\arcgis\pro\Resources\ArcToolbox\toolboxes\Data Management Tools.tbx\CalculateGeometryAttributes" Date="20201013" Time="172414">CalculateGeometryAttributes D:\Code\HSABook\Chapter2\FL_HSA.gdb\ZIP_Code_Area "PeriLenMI PERIMETER_LENGTH" "Miles (United States)" # # "Same as input"</Process><Process ToolSource="c:\program files\arcgis\pro\Resources\ArcToolbox\toolboxes\Data Management Tools.tbx\CalculateGeometryAttributes" Date="20201013" Time="172416">CalculateGeometryAttributes D:\Code\HSABook\Chapter2\FL_HSA.gdb\ZIP_Code_Area "AreaMI AREA" # "Square miles (United States)" # "Same as input"</Process><Process ToolSource="c:\program files\arcgis\pro\Resources\ArcToolbox\toolboxes\Data Management Tools.tbx\DeleteField" Date="20201013" Time="173821">DeleteField D:\Code\HSABook\Chapter2\FL_HSA.gdb\ZIP_Code_Area PeriLenMI</Process><Process ToolSource="c:\program files\arcgis\pro\Resources\ArcToolbox\toolboxes\Data Management Tools.tbx\DeleteField" Date="20201013" Time="173822">DeleteField D:\Code\HSABook\Chapter2\FL_HSA.gdb\ZIP_Code_Area AreaMI</Process><Process ToolSource="c:\program files\arcgis\pro\Resources\ArcToolbox\toolboxes\Data Management Tools.tbx\AddField" Date="20201013" Time="173822">AddField D:\Code\HSABook\Chapter2\FL_HSA.gdb\ZIP_Code_Area PeriLenMI "Float (single precision)" # # # # NULLABLE NON_REQUIRED #</Process><Process ToolSource="c:\program files\arcgis\pro\Resources\ArcToolbox\toolboxes\Data Management Tools.tbx\AddField" Date="20201013" Time="173822">AddField D:\Code\HSABook\Chapter2\FL_HSA.gdb\ZIP_Code_Area AreaMI "Float (single precision)" # # # # NULLABLE NON_REQUIRED #</Process><Process ToolSource="c:\program files\arcgis\pro\Resources\ArcToolbox\toolboxes\Data Management Tools.tbx\CalculateGeometryAttributes" Date="20201013" Time="173824">CalculateGeometryAttributes D:\Code\HSABook\Chapter2\FL_HSA.gdb\ZIP_Code_Area "PeriLenMI PERIMETER_LENGTH" "Miles (United States)" # # "Same as input"</Process><Process ToolSource="c:\program files\arcgis\pro\Resources\ArcToolbox\toolboxes\Data Management Tools.tbx\CalculateGeometryAttributes" Date="20201013" Time="173826">CalculateGeometryAttributes D:\Code\HSABook\Chapter2\FL_HSA.gdb\ZIP_Code_Area "AreaMI AREA" # "Square miles (United States)" # "Same as input"</Process><Process ToolSource="c:\program files\arcgis\pro\Resources\ArcToolbox\toolboxes\Data Management Tools.tbx\DeleteField" Date="20201013" Time="173827">DeleteField D:\Code\HSABook\Chapter2\FL_HSA.gdb\ZIP_Code_Area PeriLenMI</Process><Process ToolSource="c:\program files\arcgis\pro\Resources\ArcToolbox\toolboxes\Data Management Tools.tbx\DeleteField" Date="20201013" Time="173827">DeleteField D:\Code\HSABook\Chapter2\FL_HSA.gdb\ZIP_Code_Area AreaMI</Process><Process ToolSource="c:\program files\arcgis\pro\Resources\ArcToolbox\Toolboxes\Data Management Tools.tbx\DeleteField" Date="20201013" Time="174014">DeleteField ZIP_Code_Area PariLenMI</Process><Process ToolSource="c:\program files\arcgis\pro\Resources\ArcToolbox\toolboxes\Data Management Tools.tbx\AddField" Date="20201013" Time="180149">AddField ZIP_Code_Area PeriLenMI "Float (single precision)" # # # # NULLABLE NON_REQUIRED #</Process><Process ToolSource="c:\program files\arcgis\pro\Resources\ArcToolbox\toolboxes\Data Management Tools.tbx\AddField" Date="20201013" Time="180150">AddField ZIP_Code_Area AreaMI "Float (single precision)" # # # # NULLABLE NON_REQUIRED #</Process><Process ToolSource="c:\program files\arcgis\pro\Resources\ArcToolbox\toolboxes\Data Management Tools.tbx\CalculateGeometryAttributes" Date="20201013" Time="180155">CalculateGeometryAttributes ZIP_Code_Area "PeriLenMI PERIMETER_LENGTH" "Miles (United States)" # # "Same as input"</Process><Process ToolSource="c:\program files\arcgis\pro\Resources\ArcToolbox\toolboxes\Data Management Tools.tbx\CalculateGeometryAttributes" Date="20201013" Time="180158">CalculateGeometryAttributes ZIP_Code_Area "AreaMI AREA" # "Square miles (United States)" # "Same as input"</Process><Process ToolSource="c:\program files\arcgis\pro\Resources\ArcToolbox\toolboxes\Data Management Tools.tbx\DeleteField" Date="20201013" Time="180159">DeleteField ZIP_Code_Area PeriLenMI</Process><Process ToolSource="c:\program files\arcgis\pro\Resources\ArcToolbox\toolboxes\Data Management Tools.tbx\DeleteField" Date="20201013" Time="180159">DeleteField ZIP_Code_Area AreaMI</Process><Process ToolSource="c:\program files\arcgis\pro\Resources\ArcToolbox\toolboxes\Data Management Tools.tbx\AddField" Date="20201013" Time="180411">AddField ZIP_Code_Area PeriLenMI "Float (single precision)" # # # # NULLABLE NON_REQUIRED #</Process><Process ToolSource="c:\program files\arcgis\pro\Resources\ArcToolbox\toolboxes\Data Management Tools.tbx\AddField" Date="20201013" Time="180411">AddField ZIP_Code_Area AreaMI "Float (single precision)" # # # # NULLABLE NON_REQUIRED #</Process><Process ToolSource="c:\program files\arcgis\pro\Resources\ArcToolbox\toolboxes\Data Management Tools.tbx\CalculateGeometryAttributes" Date="20201013" Time="180415">CalculateGeometryAttributes ZIP_Code_Area "PeriLenMI PERIMETER_LENGTH" "Miles (United States)" # # "Same as input"</Process><Process ToolSource="c:\program files\arcgis\pro\Resources\ArcToolbox\toolboxes\Data Management Tools.tbx\CalculateGeometryAttributes" Date="20201013" Time="180418">CalculateGeometryAttributes ZIP_Code_Area "AreaMI AREA" # "Square miles (United States)" # "Same as input"</Process><Process ToolSource="c:\program files\arcgis\pro\Resources\ArcToolbox\toolboxes\Data Management Tools.tbx\DeleteField" Date="20201013" Time="180419">DeleteField ZIP_Code_Area PeriLenMI</Process><Process ToolSource="c:\program files\arcgis\pro\Resources\ArcToolbox\toolboxes\Data Management Tools.tbx\DeleteField" Date="20201013" Time="180419">DeleteField ZIP_Code_Area AreaMI</Process><Process ToolSource="c:\program files\arcgis\pro\Resources\ArcToolbox\Toolboxes\Data Management Tools.tbx\UpdateSchema" Date="20201102" Time="154206">UpdateSchema "CIMDATA=&lt;CIMStandardDataConnection xsi:type='typens:CIMStandardDataConnection' xmlns:xsi='http://www.w3.org/2001/XMLSchema-instance' xmlns:xs='http://www.w3.org/2001/XMLSchema' xmlns:typens='http://www.esri.com/schemas/ArcGIS/2.6.0'&gt;&lt;WorkspaceConnectionString&gt;DATABASE=D:\Code\HSABook\Chapter2\FL_HSA.gdb&lt;/WorkspaceConnectionString&gt;&lt;WorkspaceFactory&gt;FileGDB&lt;/WorkspaceFactory&gt;&lt;Dataset&gt;ZIP_Code_Area&lt;/Dataset&gt;&lt;DatasetType&gt;esriDTFeatureClass&lt;/DatasetType&gt;&lt;/CIMStandardDataConnection&gt;" &lt;operationSequence&gt;&lt;workflow&gt;&lt;AddField&gt;&lt;field_name&gt;POPUDen&lt;/field_name&gt;&lt;field_type&gt;DOUBLE&lt;/field_type&gt;&lt;field_alias&gt;POPUDen&lt;/field_alias&gt;&lt;field_is_nullable&gt;True&lt;/field_is_nullable&gt;&lt;field_is_required&gt;False&lt;/field_is_required&gt;&lt;/AddField&gt;&lt;/workflow&gt;&lt;/operationSequence&gt;</Process><Process ToolSource="c:\program files\arcgis\pro\Resources\ArcToolbox\toolboxes\Data Management Tools.tbx\CalculateField" Date="20201102" Time="154455">CalculateField ZIP_Code_Area POPUDen "!POPU! / !shape.area!" "Python 3" # Text</Process><Process ToolSource="c:\program files\arcgis\pro\Resources\ArcToolbox\toolboxes\Data Management Tools.tbx\CalculateField" Date="20201102" Time="154616">CalculateField ZIP_Code_Area POPUDen "!POPU! / !shape.area! * 1000000" "Python 3" # Text</Process><Process ToolSource="c:\program files\arcgis\pro\Resources\ArcToolbox\toolboxes\Data Management Tools.tbx\UpdateSchema" Date="20201102" Time="160517">UpdateSchema "CIMDATA=&lt;CIMStandardDataConnection xsi:type='typens:CIMStandardDataConnection' xmlns:xsi='http://www.w3.org/2001/XMLSchema-instance' xmlns:xs='http://www.w3.org/2001/XMLSchema' xmlns:typens='http://www.esri.com/schemas/ArcGIS/2.6.0'&gt;&lt;WorkspaceConnectionString&gt;DATABASE=D:\Code\HSABook\Chapter2\FL_HSA.gdb&lt;/WorkspaceConnectionString&gt;&lt;WorkspaceFactory&gt;FileGDB&lt;/WorkspaceFactory&gt;&lt;Dataset&gt;ZIP_Code_Area&lt;/Dataset&gt;&lt;DatasetType&gt;esriDTFeatureClass&lt;/DatasetType&gt;&lt;/CIMStandardDataConnection&gt;" &lt;operationSequence&gt;&lt;workflow&gt;&lt;AlterField&gt;&lt;field_name&gt;POPUDen&lt;/field_name&gt;&lt;new_field_name&gt;POPUDen&lt;/new_field_name&gt;&lt;field_is_nullable&gt;True&lt;/field_is_nullable&gt;&lt;clear_field_alias&gt;False&lt;/clear_field_alias&gt;&lt;/AlterField&gt;&lt;/workflow&gt;&lt;/operationSequence&gt;</Process><Process ToolSource="c:\program files\arcgis\pro\Resources\ArcToolbox\Toolboxes\Data Management Tools.tbx\DeleteField" Date="20210302" Time="151403">DeleteField ZIP_Code_Area GEOID10</Process><Process ToolSource="c:\program files\arcgis\pro\Resources\ArcToolbox\Toolboxes\Data Management Tools.tbx\DeleteField" Date="20210302" Time="151409">DeleteField ZIP_Code_Area CLASSFP10</Process><Process ToolSource="c:\program files\arcgis\pro\Resources\ArcToolbox\Toolboxes\Data Management Tools.tbx\DeleteField" Date="20210302" Time="151414">DeleteField ZIP_Code_Area MTFCC10</Process><Process ToolSource="c:\program files\arcgis\pro\Resources\ArcToolbox\Toolboxes\Data Management Tools.tbx\DeleteField" Date="20210302" Time="151419">DeleteField ZIP_Code_Area FUNCSTAT10</Process><Process ToolSource="c:\program files\arcgis\pro\Resources\ArcToolbox\Toolboxes\Data Management Tools.tbx\DeleteField" Date="20210302" Time="151424">DeleteField ZIP_Code_Area ALAND10</Process><Process ToolSource="c:\program files\arcgis\pro\Resources\ArcToolbox\Toolboxes\Data Management Tools.tbx\DeleteField" Date="20210302" Time="151429">DeleteField ZIP_Code_Area AWATER10</Process><Process ToolSource="c:\program files\arcgis\pro\Resources\ArcToolbox\Toolboxes\Data Management Tools.tbx\DeleteField" Date="20210302" Time="151433">DeleteField ZIP_Code_Area INTPTLAT10</Process><Process ToolSource="c:\program files\arcgis\pro\Resources\ArcToolbox\Toolboxes\Data Management Tools.tbx\DeleteField" Date="20210302" Time="151438">DeleteField ZIP_Code_Area INTPTLON10</Process><Process ToolSource="c:\program files\arcgis\pro\Resources\ArcToolbox\Toolboxes\Data Management Tools.tbx\DeleteField" Date="20210302" Time="151443">DeleteField ZIP_Code_Area ZCTA5CE10</Process><Process ToolSource="c:\program files\arcgis\pro\Resources\ArcToolbox\toolboxes\Data Management Tools.tbx\JoinField" Date="20210321" Time="171506">JoinField D:\Code\HSABook\0FinalDraft\Florida\FL_HSA.gdb\ZIP_Code_Area ZoneID D:\Code\HSABook\0FinalDraft\Florida\FL_HSA.gdb\Temp_Parition_File ZoneID HSAID</Process><Process ToolSource="c:\program files\arcgis\pro\Resources\ArcToolbox\toolboxes\Data Management Tools.tbx\DeleteField" Date="20210321" Time="171516">DeleteField D:\Code\HSABook\0FinalDraft\Florida\FL_HSA.gdb\ZIP_Code_Area HSAID</Process><Process ToolSource="c:\program files\arcgis\pro\Resources\ArcToolbox\toolboxes\Data Management Tools.tbx\JoinField" Date="20210321" Time="202141">JoinField D:\Code\HSABook\0FinalDraft\Florida\FL_HSA.gdb\ZIP_Code_Area ZoneID D:\Code\HSABook\0FinalDraft\Florida\FL_HSA.gdb\Temp_Parition_File ZoneID HSAID</Process><Process ToolSource="c:\program files\arcgis\pro\Resources\ArcToolbox\toolboxes\Data Management Tools.tbx\DeleteField" Date="20210321" Time="202151">DeleteField D:\Code\HSABook\0FinalDraft\Florida\FL_HSA.gdb\ZIP_Code_Area HSAID</Process><Process ToolSource="c:\program files\arcgis\pro\Resources\ArcToolbox\toolboxes\Data Management Tools.tbx\JoinField" Date="20210321" Time="204208">JoinField D:\Code\HSABook\0FinalDraft\Florida\FL_HSA.gdb\ZIP_Code_Area ZoneID D:\Code\HSABook\0FinalDraft\Florida\FL_HSA.gdb\Temp_Parition_File ZoneID HSAID</Process><Process ToolSource="c:\program files\arcgis\pro\Resources\ArcToolbox\toolboxes\Data Management Tools.tbx\DeleteField" Date="20210321" Time="204218">DeleteField D:\Code\HSABook\0FinalDraft\Florida\FL_HSA.gdb\ZIP_Code_Area HSAID</Process><Process ToolSource="c:\program files\arcgis\pro\Resources\ArcToolbox\toolboxes\Data Management Tools.tbx\JoinField" Date="20210321" Time="204603">JoinField D:\Code\HSABook\0FinalDraft\Florida\FL_HSA.gdb\ZIP_Code_Area ZoneID D:\Code\HSABook\0FinalDraft\Florida\FL_HSA.gdb\Temp_Parition_File ZoneID HSAID</Process><Process ToolSource="c:\program files\arcgis\pro\Resources\ArcToolbox\toolboxes\Data Management Tools.tbx\DeleteField" Date="20210321" Time="204613">DeleteField D:\Code\HSABook\0FinalDraft\Florida\FL_HSA.gdb\ZIP_Code_Area HSAID</Process><Process ToolSource="c:\program files\arcgis\pro\Resources\ArcToolbox\toolboxes\Data Management Tools.tbx\JoinField" Date="20210321" Time="204954">JoinField D:\Code\HSABook\0FinalDraft\Florida\FL_HSA.gdb\ZIP_Code_Area ZoneID D:\Code\HSABook\0FinalDraft\Florida\FL_HSA.gdb\Temp_Parition_File ZoneID HSAID</Process><Process ToolSource="c:\program files\arcgis\pro\Resources\ArcToolbox\toolboxes\Data Management Tools.tbx\DeleteField" Date="20210321" Time="205003">DeleteField D:\Code\HSABook\0FinalDraft\Florida\FL_HSA.gdb\ZIP_Code_Area HSAID</Process><Process ToolSource="c:\program files\arcgis\pro\Resources\ArcToolbox\toolboxes\Data Management Tools.tbx\JoinField" Date="20210321" Time="205941">JoinField D:\Code\HSABook\0FinalDraft\Florida\FL_HSA.gdb\ZIP_Code_Area ZoneID D:\Code\HSABook\0FinalDraft\Florida\FL_HSA.gdb\Temp_Parition_File ZoneID HSAID</Process><Process ToolSource="c:\program files\arcgis\pro\Resources\ArcToolbox\toolboxes\Data Management Tools.tbx\DeleteField" Date="20210321" Time="205951">DeleteField D:\Code\HSABook\0FinalDraft\Florida\FL_HSA.gdb\ZIP_Code_Area HSAID</Process><Process ToolSource="c:\program files\arcgis\pro\Resources\ArcToolbox\toolboxes\Data Management Tools.tbx\JoinField" Date="20210321" Time="211259">JoinField D:\Code\HSABook\0FinalDraft\Florida\FL_HSA.gdb\ZIP_Code_Area ZoneID D:\Code\HSABook\0FinalDraft\Florida\FL_HSA.gdb\Temp_Parition_File ZoneID HSAID</Process><Process ToolSource="c:\program files\arcgis\pro\Resources\ArcToolbox\toolboxes\Data Management Tools.tbx\DeleteField" Date="20210321" Time="211309">DeleteField D:\Code\HSABook\0FinalDraft\Florida\FL_HSA.gdb\ZIP_Code_Area HSAID</Process><Process ToolSource="c:\program files\arcgis\pro\Resources\ArcToolbox\toolboxes\Data Management Tools.tbx\JoinField" Date="20210321" Time="211554">JoinField D:\Code\HSABook\0FinalDraft\Florida\FL_HSA.gdb\ZIP_Code_Area ZoneID D:\Code\HSABook\0FinalDraft\Florida\FL_HSA.gdb\Temp_Parition_File ZoneID HSAID</Process><Process ToolSource="c:\program files\arcgis\pro\Resources\ArcToolbox\toolboxes\Data Management Tools.tbx\DeleteField" Date="20210321" Time="211605">DeleteField D:\Code\HSABook\0FinalDraft\Florida\FL_HSA.gdb\ZIP_Code_Area HSAID</Process><Process ToolSource="c:\program files\arcgis\pro\Resources\ArcToolbox\toolboxes\Data Management Tools.tbx\JoinField" Date="20210321" Time="211952">JoinField D:\Code\HSABook\0FinalDraft\Florida\FL_HSA.gdb\ZIP_Code_Area ZoneID D:\Code\HSABook\0FinalDraft\Florida\FL_HSA.gdb\Temp_Parition_File ZoneID HSAID</Process><Process ToolSource="c:\program files\arcgis\pro\Resources\ArcToolbox\toolboxes\Data Management Tools.tbx\DeleteField" Date="20210321" Time="212001">DeleteField D:\Code\HSABook\0FinalDraft\Florida\FL_HSA.gdb\ZIP_Code_Area HSAID</Process><Process ToolSource="c:\program files\arcgis\pro\Resources\ArcToolbox\toolboxes\Data Management Tools.tbx\JoinField" Date="20210321" Time="212610">JoinField D:\Code\HSABook\0FinalDraft\Florida\FL_HSA.gdb\ZIP_Code_Area ZoneID D:\Code\HSABook\0FinalDraft\Florida\FL_HSA.gdb\Temp_Parition_File ZoneID HSAID</Process><Process ToolSource="c:\program files\arcgis\pro\Resources\ArcToolbox\toolboxes\Data Management Tools.tbx\DeleteField" Date="20210321" Time="212621">DeleteField D:\Code\HSABook\0FinalDraft\Florida\FL_HSA.gdb\ZIP_Code_Area HSAID</Process><Process ToolSource="c:\program files\arcgis\pro\Resources\ArcToolbox\toolboxes\Data Management Tools.tbx\JoinField" Date="20210321" Time="212927">JoinField D:\Code\HSABook\0FinalDraft\Florida\FL_HSA.gdb\ZIP_Code_Area ZoneID D:\Code\HSABook\0FinalDraft\Florida\FL_HSA.gdb\Temp_Parition_File ZoneID HSAID</Process><Process ToolSource="c:\program files\arcgis\pro\Resources\ArcToolbox\toolboxes\Data Management Tools.tbx\DeleteField" Date="20210321" Time="212937">DeleteField D:\Code\HSABook\0FinalDraft\Florida\FL_HSA.gdb\ZIP_Code_Area HSAID</Process><Process ToolSource="c:\program files\arcgis\pro\Resources\ArcToolbox\toolboxes\Data Management Tools.tbx\JoinField" Date="20210321" Time="214212">JoinField D:\Code\HSABook\0FinalDraft\Florida\FL_HSA.gdb\ZIP_Code_Area ZoneID D:\Code\HSABook\0FinalDraft\Florida\FL_HSA.gdb\Temp_Parition_File ZoneID HSAID</Process><Process ToolSource="c:\program files\arcgis\pro\Resources\ArcToolbox\toolboxes\Data Management Tools.tbx\DeleteField" Date="20210321" Time="214222">DeleteField D:\Code\HSABook\0FinalDraft\Florida\FL_HSA.gdb\ZIP_Code_Area HSAID</Process><Process ToolSource="c:\program files\arcgis\pro\Resources\ArcToolbox\toolboxes\Data Management Tools.tbx\JoinField" Date="20210321" Time="214507">JoinField D:\Code\HSABook\0FinalDraft\Florida\FL_HSA.gdb\ZIP_Code_Area ZoneID D:\Code\HSABook\0FinalDraft\Florida\FL_HSA.gdb\Temp_Parition_File ZoneID HSAID</Process><Process ToolSource="c:\program files\arcgis\pro\Resources\ArcToolbox\toolboxes\Data Management Tools.tbx\DeleteField" Date="20210321" Time="214513">DeleteField D:\Code\HSABook\0FinalDraft\Florida\FL_HSA.gdb\ZIP_Code_Area HSAID</Process><Process ToolSource="c:\program files\arcgis\pro\Resources\ArcToolbox\toolboxes\Data Management Tools.tbx\JoinField" Date="20210321" Time="214736">JoinField D:\Code\HSABook\0FinalDraft\Florida\FL_HSA.gdb\ZIP_Code_Area ZoneID D:\Code\HSABook\0FinalDraft\Florida\FL_HSA.gdb\Temp_Parition_File ZoneID HSAID</Process><Process ToolSource="c:\program files\arcgis\pro\Resources\ArcToolbox\toolboxes\Data Management Tools.tbx\DeleteField" Date="20210321" Time="214741">DeleteField D:\Code\HSABook\0FinalDraft\Florida\FL_HSA.gdb\ZIP_Code_Area HSAID</Process><Process ToolSource="c:\program files\arcgis\pro\Resources\ArcToolbox\toolboxes\Data Management Tools.tbx\JoinField" Date="20210321" Time="215819">JoinField D:\Code\HSABook\0FinalDraft\Florida\FL_HSA.gdb\ZIP_Code_Area ZoneID D:\Code\HSABook\0FinalDraft\Florida\FL_HSA.gdb\Temp_Parition_File ZoneID HSAID</Process><Process ToolSource="c:\program files\arcgis\pro\Resources\ArcToolbox\toolboxes\Data Management Tools.tbx\DeleteField" Date="20210321" Time="215824">DeleteField D:\Code\HSABook\0FinalDraft\Florida\FL_HSA.gdb\ZIP_Code_Area HSAID</Process><Process ToolSource="c:\program files\arcgis\pro\Resources\ArcToolbox\toolboxes\Data Management Tools.tbx\CopyMultiple" Date="20210628" Time="152211">CopyMultiple "C:\Users\wchang8\Downloads\Florida\Florida\FL_HSA.gdb\ZIP_Code_Area FeatureClass" D:\Code\HSABook\0FinalDraft\Florida\FL_HSA.gdb ZIP_Code_Area "ZIP_Code_Area FeatureClass ZIP_Code_Area #"</Process><Process ToolSource="c:\program files\arcgis\pro\Resources\ArcToolbox\toolboxes\Data Management Tools.tbx\JoinField" Date="20220213" Time="194210">JoinField ZIP_Code_Area ZoneID E:\CMS_GISV3\Case04Au\FL_HSA.gdb\Temp_Parition_File ZoneID HSAID</Process><Process ToolSource="c:\program files\arcgis\pro\Resources\ArcToolbox\toolboxes\Data Management Tools.tbx\DeleteField" Date="20220213" Time="194216">DeleteField ZIP_Code_Area HSAID "Delete Fields"</Process><Process ToolSource="c:\program files\arcgis\pro\Resources\ArcToolbox\toolboxes\Data Management Tools.tbx\JoinField" Date="20220214" Time="102917">JoinField ZIP_Code_Area ZoneID E:\CMS_GISV3\Case04Au\FL_HSA.gdb\Temp_Parition_File ZoneID HSAID</Process><Process ToolSource="c:\program files\arcgis\pro\Resources\ArcToolbox\toolboxes\Data Management Tools.tbx\DeleteField" Date="20220214" Time="102921">DeleteField ZIP_Code_Area HSAID "Delete Fields"</Process><Process ToolSource="c:\program files\arcgis\pro\Resources\ArcToolbox\toolboxes\Data Management Tools.tbx\JoinField" Date="20220214" Time="162518">JoinField ZIP_Code_Area ZoneID E:\CMS_GISV3\Case04Au\FL_HSA.gdb\Temp_Parition_File ZoneID HSAID</Process><Process ToolSource="c:\program files\arcgis\pro\Resources\ArcToolbox\toolboxes\Data Management Tools.tbx\DeleteField" Date="20220214" Time="162525">DeleteField ZIP_Code_Area HSAID "Delete Fields"</Process><Process ToolSource="c:\program files\arcgis\pro\Resources\ArcToolbox\toolboxes\Data Management Tools.tbx\JoinField" Date="20220214" Time="185929">JoinField ZIP_Code_Area OBJECTID E:\CMS_GISV3\Case04Au\Default.gdb\Temp_Facility_MaxPotent PatientZipZoneID Hosp_ZoneID</Process><Process ToolSource="c:\program files\arcgis\pro\Resources\ArcToolbox\toolboxes\Data Management Tools.tbx\JoinField" Date="20220214" Time="194958">JoinField E:\CMS_GISV3\Case04Au\FL_HSA.gdb\ZIP_Code_Area OBJECTID E:\CMS_GISV3\Case04Au\Default.gdb\Temp_Facility_MaxPotent IN_FID NEAR_FID</Process><Process ToolSource="c:\program files\arcgis\pro\Resources\ArcToolbox\toolboxes\Conversion Tools.tbx\ExportFeatures" Date="20230210" Time="083453">ExportFeatures ZIP_Code_Area E:\KNIME\CMGISV3\Chp04\data\ZIP_Code_Area.shp # NOT_USE_ALIAS "ZipCode "ZipCode" true true false 4 Long 0 0,First,#,ZIP_Code_Area,ZipCode,-1,-1;ZoneID "ZoneID" true true false 2 Short 0 0,First,#,ZIP_Code_Area,ZoneID,-1,-1;XCoord "XCoord" true true false 8 Double 0 0,First,#,ZIP_Code_Area,XCoord,-1,-1;YCoord "YCoord" true true false 8 Double 0 0,First,#,ZIP_Code_Area,YCoord,-1,-1;POPU "POPU" true true false 4 Long 0 0,First,#,ZIP_Code_Area,POPU,-1,-1;POPUDen "POPUDen" true true false 8 Double 0 0,First,#,ZIP_Code_Area,POPUDen,-1,-1;Shape_Length "Shape_Length" false true true 8 Double 0 0,First,#,ZIP_Code_Area,Shape_Length,-1,-1;Shape_Area "Shape_Area" false true true 8 Double 0 0,First,#,ZIP_Code_Area,Shape_Area,-1,-1;Hosp_ZoneID "Hosp_ZoneID" true true false 2 Short 0 0,First,#,ZIP_Code_Area,Hosp_ZoneID,-1,-1;NEAR_FID "NEAR_FID" true true false 4 Long 0 0,First,#,ZIP_Code_Area,NEAR_FID,-1,-1" #</Process></lineage><itemProps><itemLocation><linkage Sync="TRUE">file://\\UIL\E$\KNIME\CMGISV3\Chp04\data\ZIP_Code_Area.shp</linkage><protocol Sync="TRUE">Local Area Network</protocol></itemLocation><itemName Sync="TRUE">ZIP_Code_Area</itemName><imsContentType Sync="TRUE">002</imsContentType><itemSize Sync="TRUE">0.000</itemSize></itemProps><coordRef><type Sync="TRUE">Projected</type><geogcsn Sync="TRUE">GCS_North_American_1983</geogcsn><csUnits Sync="TRUE">Linear Unit: Meter (1.000000)</csUnits><projcsn Sync="TRUE">NAD_1983_UTM_Zone_17N</projcsn><peXml Sync="TRUE">&lt;ProjectedCoordinateSystem xsi:type='typens:ProjectedCoordinateSystem' xmlns:xsi='http://www.w3.org/2001/XMLSchema-instance' xmlns:xs='http://www.w3.org/2001/XMLSchema' xmlns:typens='http://www.esri.com/schemas/ArcGIS/3.0.0'&gt;&lt;WKT&gt;PROJCS[&amp;quot;NAD_1983_UTM_Zone_17N&amp;quot;,GEOGCS[&amp;quot;GCS_North_American_1983&amp;quot;,DATUM[&amp;quot;D_North_American_1983&amp;quot;,SPHEROID[&amp;quot;GRS_1980&amp;quot;,6378137.0,298.257222101]],PRIMEM[&amp;quot;Greenwich&amp;quot;,0.0],UNIT[&amp;quot;Degree&amp;quot;,0.0174532925199433]],PROJECTION[&amp;quot;Transverse_Mercator&amp;quot;],PARAMETER[&amp;quot;False_Easting&amp;quot;,500000.0],PARAMETER[&amp;quot;False_Northing&amp;quot;,0.0],PARAMETER[&amp;quot;Central_Meridian&amp;quot;,-81.0],PARAMETER[&amp;quot;Scale_Factor&amp;quot;,0.9996],PARAMETER[&amp;quot;Latitude_Of_Origin&amp;quot;,0.0],UNIT[&amp;quot;Meter&amp;quot;,1.0],AUTHORITY[&amp;quot;EPSG&amp;quot;,26917]]&lt;/WKT&gt;&lt;XOrigin&gt;-5120900&lt;/XOrigin&gt;&lt;YOrigin&gt;-9998100&lt;/YOrigin&gt;&lt;XYScale&gt;450445547.3910538&lt;/XYScale&gt;&lt;ZOrigin&gt;-100000&lt;/ZOrigin&gt;&lt;ZScale&gt;10000&lt;/ZScale&gt;&lt;MOrigin&gt;-100000&lt;/MOrigin&gt;&lt;MScale&gt;10000&lt;/MScale&gt;&lt;XYTolerance&gt;0.001&lt;/XYTolerance&gt;&lt;ZTolerance&gt;0.001&lt;/ZTolerance&gt;&lt;MTolerance&gt;0.001&lt;/MTolerance&gt;&lt;HighPrecision&gt;true&lt;/HighPrecision&gt;&lt;WKID&gt;26917&lt;/WKID&gt;&lt;LatestWKID&gt;26917&lt;/LatestWKID&gt;&lt;/ProjectedCoordinateSystem&gt;</peXml></coordRef></DataProperties><SyncDate>20230210</SyncDate><SyncTime>08345300</SyncTime><ModDate>20230210</ModDate><ModTime>08345300</ModTime></Esri><dataIdInfo><envirDesc Sync="TRUE">Microsoft Windows 10 Version 10.0 (Build 22621) ; Esri ArcGIS 13.0.2.36056</envirDesc><dataLang><languageCode value="eng" Sync="TRUE"></languageCode><countryCode value="USA" Sync="TRUE"></countryCode></dataLang><idCitation><resTitle Sync="TRUE">ZIP_Code_Area</resTitle><presForm><PresFormCd value="005" Sync="TRUE"></PresFormCd></presForm></idCitation><spatRpType><SpatRepTypCd value="001" Sync="TRUE"></SpatRepTypCd></spatRpType></dataIdInfo><mdLang><languageCode value="eng" Sync="TRUE"></languageCode><countryCode value="USA" Sync="TRUE"></countryCode></mdLang><distInfo><distFormat><formatName Sync="TRUE">Shapefile</formatName></distFormat><distTranOps><transSize Sync="TRUE">0.000</transSize></distTranOps></distInfo><mdHrLv><ScopeCd value="005" Sync="TRUE"></ScopeCd></mdHrLv><mdHrLvName Sync="TRUE">dataset</mdHrLvName><refSysInfo><RefSystem><refSysID><identCode code="26917" Sync="TRUE"></identCode><idCodeSpace Sync="TRUE">EPSG</idCodeSpace><idVersion Sync="TRUE">6.11(3.0.1)</idVersion></refSysID></RefSystem></refSysInfo><spatRepInfo><VectSpatRep><geometObjs Name="ZIP_Code_Area"><geoObjTyp><GeoObjTypCd value="002" Sync="TRUE"></GeoObjTypCd></geoObjTyp><geoObjCnt Sync="TRUE">0</geoObjCnt></geometObjs><topLvl><TopoLevCd value="001" Sync="TRUE"></TopoLevCd></topLvl></VectSpatRep></spatRepInfo><spdoinfo><ptvctinf><esriterm Name="ZIP_Code_Area"><efeatyp Sync="TRUE">Simple</efeatyp><efeageom code="4" Sync="TRUE"></efeageom><esritopo Sync="TRUE">FALSE</esritopo><efeacnt Sync="TRUE">0</efeacnt><spindex Sync="TRUE">FALSE</spindex><linrefer Sync="TRUE">FALSE</linrefer></esriterm></ptvctinf></spdoinfo><eainfo><detailed Name="ZIP_Code_Area"><enttyp><enttypl Sync="TRUE">ZIP_Code_Area</enttypl><enttypt Sync="TRUE">Feature Class</enttypt><enttypc Sync="TRUE">0</enttypc></enttyp><attr><attrlabl Sync="TRUE">FID</attrlabl><attalias Sync="TRUE">FID</attalias><attrtype Sync="TRUE">OID</attrtype><attwidth Sync="TRUE">4</attwidth><atprecis Sync="TRUE">0</atprecis><attscale Sync="TRUE">0</attscale><attrdef Sync="TRUE">Internal feature number.</attrdef><attrdefs Sync="TRUE">Esri</attrdefs><attrdomv><udom Sync="TRUE">Sequential unique whole numbers that are automatically generated.</udom></attrdomv></attr><attr><attrlabl Sync="TRUE">Shape</attrlabl><attalias Sync="TRUE">Shape</attalias><attrtype Sync="TRUE">Geometry</attrtype><attwidth Sync="TRUE">0</attwidth><atprecis Sync="TRUE">0</atprecis><attscale Sync="TRUE">0</attscale><attrdef Sync="TRUE">Feature geometry.</attrdef><attrdefs Sync="TRUE">Esri</attrdefs><attrdomv><udom Sync="TRUE">Coordinates defining the features.</udom></attrdomv></attr><attr><attrlabl Sync="TRUE">ZipCode</attrlabl><attalias Sync="TRUE">ZipCode</attalias><attrtype Sync="TRUE">Integer</attrtype><attwidth Sync="TRUE">10</attwidth><atprecis Sync="TRUE">10</atprecis><attscale Sync="TRUE">0</attscale></attr><attr><attrlabl Sync="TRUE">ZoneID</attrlabl><attalias Sync="TRUE">ZoneID</attalias><attrtype Sync="TRUE">Integer</attrtype><attwidth Sync="TRUE">5</attwidth><atprecis Sync="TRUE">5</atprecis><attscale Sync="TRUE">0</attscale></attr><attr><attrlabl Sync="TRUE">XCoord</attrlabl><attalias Sync="TRUE">XCoord</attalias><attrtype Sync="TRUE">Double</attrtype><attwidth Sync="TRUE">19</attwidth><atprecis Sync="TRUE">0</atprecis><attscale Sync="TRUE">0</attscale></attr><attr><attrlabl Sync="TRUE">YCoord</attrlabl><attalias Sync="TRUE">YCoord</attalias><attrtype Sync="TRUE">Double</attrtype><attwidth Sync="TRUE">19</attwidth><atprecis Sync="TRUE">0</atprecis><attscale Sync="TRUE">0</attscale></attr><attr><attrlabl Sync="TRUE">Popu</attrlabl><attalias Sync="TRUE">POPU</attalias><attrtype Sync="TRUE">Integer</attrtype><attwidth Sync="TRUE">10</attwidth><atprecis Sync="TRUE">10</atprecis><attscale Sync="TRUE">0</attscale></attr><attr><attrlabl Sync="TRUE">POPUDen</attrlabl><attalias Sync="TRUE">POPUDen</attalias><attrtype Sync="TRUE">Double</attrtype><attwidth Sync="TRUE">19</attwidth><atprecis Sync="TRUE">0</atprecis><attscale Sync="TRUE">0</attscale></attr><attr><attrlabl Sync="TRUE">Shape_Leng</attrlabl><attalias Sync="TRUE">Shape_Leng</attalias><attrtype Sync="TRUE">Double</attrtype><attwidth Sync="TRUE">19</attwidth><atprecis Sync="TRUE">0</atprecis><attscale Sync="TRUE">0</attscale></attr><attr><attrlabl Sync="TRUE">Shape_Area</attrlabl><attalias Sync="TRUE">Shape_Area</attalias><attrtype Sync="TRUE">Double</attrtype><attwidth Sync="TRUE">19</attwidth><atprecis Sync="TRUE">0</atprecis><attscale Sync="TRUE">0</attscale><attrdef Sync="TRUE">Area of feature in internal units squared.</attrdef><attrdefs Sync="TRUE">Esri</attrdefs><attrdomv><udom Sync="TRUE">Positive real numbers that are automatically generated.</udom></attrdomv></attr><attr><attrlabl Sync="TRUE">Hosp_ZoneI</attrlabl><attalias Sync="TRUE">Hosp_ZoneI</attalias><attrtype Sync="TRUE">Integer</attrtype><attwidth Sync="TRUE">5</attwidth><atprecis Sync="TRUE">5</atprecis><attscale Sync="TRUE">0</attscale></attr><attr><attrlabl Sync="TRUE">NEAR_FID</attrlabl><attalias Sync="TRUE">NEAR_FID</attalias><attrtype Sync="TRUE">Integer</attrtype><attwidth Sync="TRUE">10</attwidth><atprecis Sync="TRUE">10</atprecis><attscale Sync="TRUE">0</attscale></attr></detailed></eainfo><mdDateSt Sync="TRUE">20230210</mdDateSt></metadata>
